ID,X,Y,Z
LF1,406575.820793151855,6961283.970153808594,524.466125488281
LF2,406595.645759582520,6961283.705825805664,526.655090332031
LF3,406575.644577026367,6961273.749282836914,527.938171386719
LF4,406596.883224487305,6961272.955337524414,530.086853027344
LF5,406576.353599548340,6961264.498497009277,530.431823730469
LF6,406596.005455017090,6961265.554115295410,531.383850097656
